Workbook

Sheet Филиал 1
B2: ФИО сотрудника | C2: Дата приёма | D2: Оклад
B3: Иванов Иван Иванович | C3: 39448 | D3: 21000
B4: Зайцев Сергей Иванович | C4: 40088 | D4: 35000
B5: Джугашвили Иосиф Виссарионович | C5: 40131 | D5: 20001
B6: Сергеев Иван Анатольевич | C6: 40261 | D6: 31500

Sheet Филиал 2
B2: ФИО сотрудника | C2: Дата приёма | D2: Оклад
B3: Смирнов Андрей Иванович | C3: 39448 | D3: 21050
B4: Зайцев Сергей Иванович | C4: 40088 | D4: 35000

Sheet Свод
A1: ФИО сотрудника
B2: Мартьянов, 6Пр | C2: ='Филиал 1'!$C$3 -> 39448 | D2: ='Филиал 1'!$D$3 -> 21000
A3: Иванов Иван Иванович | C3: =SUM(C2) -> 39448 | D3: =SUM(D2) -> 21000
B4: Мартьянов, 6Пр | C4: ='Филиал 1'!$C$4 -> 40088 | D4: ='Филиал 1'!$D$4 -> 35000
A5: Зайцев Сергей Иванович | C5: =SUM(C4) -> 40088 | D5: =SUM(D4) -> 35000
B6: Мартьянов, 6Пр | C6: ='Филиал 1'!$C$5 -> 40131 | D6: ='Филиал 1'!$D$5 -> 20001
A7: Джугашвили Иосиф Виссарионович | C7: =SUM(C6) -> 40131 | D7: =SUM(D6) -> 20001
B8: Мартьянов, 6Пр | C8: ='Филиал 1'!$C$6 -> 40261 | D8: ='Филиал 1'!$D$6 -> 31500
A9: Сергеев Иван Анатольевич | C9: =SUM(C8) -> 40261 | D9: =SUM(D8) -> 31500
B10: Мартьянов, 6Пр | C10: ='Филиал 2'!$C$3 -> 39448 | D10: ='Филиал 2'!$D$3 -> 21050
A11: Смирнов Андрей Иванович | C11: =SUM(C10) -> 39448 | D11: =SUM(D10) -> 21050
B12: Мартьянов, 6Пр | C12: ='Филиал 2'!$C$4 -> 40088 | D12: ='Филиал 2'!$D$4 -> 35000
A13: Новожилов Данила Семёнович | C13: =SUM(C12) -> 40088 | D13: =SUM(D12) -> 35000

Sheet Таблица продаж
B2: Дата | C2: Менеджер | D2: Товар | E2: Сумма продаж
B3: 37682 | C3: Иванов И.И. | D3: Ручка | E3: 75
B4: 37682 | C4: Смирнов И.А. | D4: Принтер | E4: 5500
B5: 37682 | C5: Новиков А.И. | D5: Карандаш | E5: 45
B6: 37683 | C6: Зайцев В.О. | D6: Ручка | E6: 75
B7: 37684 | C7: Смирнов И.А. | D7: Ручка | E7: 75
B8: 37684 | C8: Иванов И.И. | D8: Тетради | E8: 65
B9: 37684 | C9: Смирнов И.А. | D9: Тетради | E9: 65
B10: 37685 | C10: Иванов И.И. | D10: Карандаш | E10: 45

Sheet Свод продаж
A1: Менеджер | B1: Иванов И.И.
A3: Названия строк | B3: Сумма по полю Сумма продаж
A4: Карандаш | B4: 45
A5: Ручка | B5: 75
A6: Тетради | B6: 65
A7: Общий итог | B7: 185
